{"accuracy": 0.30006947201270345, "f_score": 0.23708890617909847}