{"accuracy": 0.2345682015638575, "f_score": 0.17957005240929963}