{"accuracy": 0.14742266797885067, "f_score": 0.127254012853649}