{"accuracy": 0.21861877353026354, "f_score": 0.19687835163630543}