{"accuracy": 0.1436002687082706, "f_score": 0.13298029654980742}