{"accuracy": 0.28308027046424655, "f_score": 0.24026554682623286}