{"accuracy": 0.2390759458881729, "f_score": 0.17281280129242324}