{"accuracy": 0.14446980676328502, "f_score": 0.13575871596690772}