{"accuracy": 0.15332487922705312, "f_score": 0.13188356702256995}