{"accuracy": 0.280258410560865, "f_score": 0.2293459495011136}