{"accuracy": 0.18527533425041026, "f_score": 0.1561512806481073}