{"accuracy": 0.23701793126749687, "f_score": 0.18051921794941256}